Unnamed: 0;Unnamed: 1;Unnamed: 2;Unnamed: 3;Unnamed: 4;Unnamed: 5;Unnamed: 6;Unnamed: 7;Unnamed: 8;Unnamed: 9;Unnamed: 10;Unnamed: 11;Unnamed: 12;Unnamed: 13;Unnamed: 14;Unnamed: 15;Unnamed: 16;Unnamed: 17;Unnamed: 18;Unnamed: 19;Unnamed: 20;Unnamed: 21;Unnamed: 22;Unnamed: 23;Unnamed: 24;Unnamed: 25;Unnamed: 26;Unnamed: 27;Unnamed: 28;Unnamed: 29;Unnamed: 30;Unnamed: 31;Unnamed: 32;Unnamed: 33;Unnamed: 34;Unnamed: 35;Unnamed: 36;Unnamed: 37;Unnamed: 38;Unnamed: 39;Unnamed: 40;Unnamed: 41;Unnamed: 42;Unnamed: 43;Unnamed: 44;Unnamed: 45;Unnamed: 46;Unnamed: 47;Unnamed: 48;Unnamed: 49;Unnamed: 50;Unnamed: 51;Unnamed: 52;Unnamed: 53;Unnamed: 54;Unnamed: 55;Unnamed: 56;Unnamed: 57;Unnamed: 58;Unnamed: 59;Unnamed: 60;Unnamed: 61;Unnamed: 62;Unnamed: 63;Unnamed: 64;Unnamed: 65;Unnamed: 66;Unnamed: 67;Unnamed: 68;Unnamed: 69;Unnamed: 70;Unnamed: 71;Unnamed: 72;Unnamed: 73;Unnamed: 74;Unnamed: 75;Unnamed: 76;Unnamed: 77;Unnamed: 78
;;;;;;;;;;;;;;;;;;;;;;;;;;;;;;;;;;;;;;;;;;;;;;;;;;;;;;;;;;;;;;;;;;;;;;;;;;;;;;
;;;;;;;;;;;;;;;;;;;;;;;;;;;;;;;;;;;;;;;;;;;;;;;;;;;;;;;;;;;;;;;;;;;;;;;;;;;;;;
;;;;;;;;;;;;;;;;;;;;;;;;;;;;;;;;;;;;;;;;;;;;;;;;;;;;;;;;;;;;;;;;;;;;;;;;;;;;;;
;;;;;;;;;;;;;;;;;;;;;;;;;;;;;;;;;;;;;;;;;;;;;;;;;;;;;;;;;;;;;;;;;;;;;;;;;;;;;;
; ;;;;;;;;;;;;;;;;;;;;;;;;;;;;;;;;;;;;;;;;;;;;;;;;;;;;;;;;;;;;;;;;;;;;;;;;;;;;;
;Tabla 4.1.;;;;;;;;;;;;;;;;;;;;;;;;;;;;;;;;;;;;;;;;;;;;;;;;;;;;;;;;;;;;;;;;;;;;;;;;;;;;;
;Precio medio del metro cuadrado de suelo urbano en municipios de menos de 1.000 habitantes;;;;;;;;;;;;;;;;;;;;;;;;;;;;;;;;;;;;;;;;;;;;;;;;;;;;;;;;;;;;;;;;;;;;;;;;;;;;;
;;;;;;;;;;;;;;;;;;;;;;;;;;;;;;;;;;;;;;;;;;;;;;;;;;;;;;;;;;;;;;;;;;;;;;;;;;;;;;
;Unidad: euros/m2;;;;;;;;;;;;;;;;;;;;;;;;;;;;;;;;;;;;;;;;;;;;;;;;;;;;;;;;;;;;;;;;;;;;;;;;;;;;;
;;Año 2004;;;;Año 2005;;;;Año 2006;;;;Año 2007;;;;Año 2008;;;;Año 2009;;;;Año 2010;;;;Año 2011;;;;Año 2012;;;;Año 2013;;;;Año 2014;;;;Año 2015;;;;Año 2016;;;;Año 2017;;;;Año 2018;;;;Año 2019;;;;Año 2020;;;;Año 2021;;;;Año 2022;;;Variación  Trimestral;Variación  Interanual
;; (trimestre);;;; (trimestre);;;; (trimestre);;;;(trimestre);;;;(trimestre);;;;(trimestre);;;;(trimestre);;;;(trimestre);;;;(trimestre);;;;(trimestre);;;;(trimestre);;;;(trimestre);;;;(trimestre);;;;(trimestre);;;;(trimestre);;;;(trimestre);;;;(trimestre);;;;(trimestre);;;;(trimestre);;;;
;;1º;2º;3º;4º;1º;2º;3º;4º;1º;2º;3º;4º;1º;2º;3º;4º;1º;2º;3º;4º;1º;2º;3º;4º;1º;2º;3º;4º;1º;2º;3º;4º;1º;2º;3º;4º;1º;2º;3º;4º;1º;2º;3º;4º;1º;2º;3º;4º;1º;2º;3º;4º;1º;2º;3º;4º;1º;2º;3º;4º;1º;2º;3º;4º;1º;2º;3º;4º;1º;2º;3º;4º;1º;2º;3º;;
;TOTAL NACIONAL;56.6;69.08;68.46;67.5;73.71;77.74;92.35;85.76;78.91;78.8;85.56;90.83;87.44;89.2;83.54;85.07;85.79;79.36;78.26;71.73;76.5;85;82.19;100.02;83.29;93.18;79.75;82.01;69.83;73.86;58.67;53.73;111.46;80.41;53.65;64.31;47.35;57.44;51.98;51.43;49.96;58.25;56.44;46.11;47.63;53.56;45.08;50.18;55.17;54.64;51.32;50.18;60.18;50.03;55.98;56.1;57.89;56.34;50.67;54.97;50.18;58.73;52.21;66.48;66.93;51.3;41.92;58.38;50.14;59.76;60.63;71.19;76.11;74.47;73.49;-1.3;21.2
;Andalucía;44.7;33.95;41.94;43.36;51.49;57.82;45.92;53.97;56.35;62.93;80.32;71.83;81.01;93.54;75.25;107.07;83.15;89.63;79.63;95.62;75.3;80.7;94.93;n.s.;94.5;n.s.;79.82;89.84;91.54;67.69;80.75;72.58;66.89;85.2;118.79;69.83;106.04;76.91;56.79;47.45;94.42;51;72;70.7;53.31;59.6;61.11;57.98;72.15;56.35;45.55;50.92;76.92;53.93;59.52;75.95;79.95;55.56;38.53;51.45;45.1;38.02;57.59;83.87;n.s.;162.39;72.46;59.35;55.01;68.38;72.38;48.16;79.52;157.09;103.4;-34.2;42.9
;Almería           ;37.85;72.86;12.5;.;55.43;.;.;.;.;n.s.;.;n.s.;n.s.;n.s.;100.08;n.s.;87.69;90.34;n.s.;n.s.;n.s.;78.1;97.46;127.05;n.s.;74.46;n.s.;n.s.;n.s.;n.s.;n.s.;n.s;n.s.;n.s.;n.s.;n.s.;n.s.;n.s.;.;n.s.;n.s.;n.s.;n.s.;88.45;n.s.;n.s.;53.74;58.22;99.85;n.s.;.;.;56.05;n.s.;n.s.;n.s.;n.s.;n.s.;n.s.;n.s.;n.s.;.;n.s.;n.s;.;.;n.s.;n.s.;n.s.;n.s.;n.s.;n.s;n.s.;182.99;n.s.;.;.
;Cádiz             ;114.32;.;95.34;.;.;40.99;.;.;n.s.;.;79.37;n.s.;n.s.;n.s.;.;n.s.;.;.;n.s.;.;.;.;.;n.s.;.;n.s.;.;.;n.s.;.;n.s.;.;n.s.;.;.;.;.;.;.;.;.;.;.;.;.;.;.;.;.;.;.;.;n.s.;.;.;.;.;.;.;.;.;.;.;n.s;.;99.89;n.s.;.;n.s.;n.s.;.;.;.;254.24;.;.;.
;Córdoba           ;.;39.54;.;n.s.;44.13;.;.;41.18;n.s.;n.s.;n.s.;n.s.;n.s.;n.s.;.;n.s.;59.9;92.5;92.12;110.53;107.6;79.8;.;n.s.;n.s.;n.s.;.;n.s.;n.s.;n.s.;n.s.;n.s;.;.;.;n.s.;.;n.s.;n.s;.;.;n.s.;n.s.;.;.;n.s.;77.51;.;.;n.s.;.;.;n.s.;n.s.;n.s.;.;n.s.;.;n.s.;.;.;n.s.;.;.;.;n.s;n.s.;n.s.;.;n.s.;.;.;n.s.;.;n.s.;.;.
;Granada           ;62.63;33.55;39.43;52.67;55.09;72.24;63.9;62.47;64.15;75.3;n.s.;66.67;57.22;64.92;82.83;n.s.;n.s.;n.s.;n.s.;73.53;70.1;93.9;117.9;n.s.;68.65;n.s.;107.98;76.17;48.18;68.1;53.94;81.08;70.77;78.39;70.49;n.s.;n.s.;66.76;55.88;31.72;n.s.;n.s.;39.71;n.s.;52.15;29.4;17.54;n.s.;n.s.;n.s.;n.s.;n.s.;n.s.;39.99;60.94;86.66;59.73;n.s.;46.29;29.88;n.s.;n.s.;57.52;46.04;n.s.;n.s;51.83;63.15;57.91;26.86;33.39;47.68;60.54;172.04;61.63;-64.2;84.6
;Huelva            ;61.42;29.22;63.04;45.54;.;68.59;47.07;.;.;n.s.;n.s.;68.84;n.s.;n.s.;.;n.s.;84.96;102.79;n.s.;n.s.;65.3;90.8;75;n.s.;n.s.;n.s.;.;n.s.;.;n.s.;n.s.;n.s;.;.;.;.;n.s.;.;n.s;.;.;.;101.13;n.s.;.;.;n.s.;.;.;.;.;.;n.s.;n.s.;n.s.;.;.;.;.;n.s.;.;.;.;166.37;.;n.s;n.s.;n.s.;n.s.;n.s.;.;.;.;3.17;n.s.;.;.
;Jaén              ;.;10.86;16.38;28.64;.;.;19.77;15.03;.;.;.;n.s.;35.44;22.45;n.s.;n.s.;n.s.;n.s.;n.s.;n.s.;69.3;33.6;.;44.73;89.2;n.s.;53.46;54.52;33.2;n.s.;n.s.;n.s;n.s.;.;n.s.;n.s.;n.s.;65.69;n.s;n.s.;.;n.s.;n.s.;n.s.;n.s.;.;n.s.;n.s.;n.s.;n.s.;n.s.;n.s.;.;n.s.;52.67;n.s.;n.s.;n.s.;n.s.;54.48;.;.;n.s.;n.s;n.s.;.;.;n.s.;n.s.;n.s.;n.s.;n.s;n.s.;.;n.s.;.;.
;Málaga            ;.;n.s.;.;64.51;.;.;.;.;.;n.s.;n.s.;.;.;n.s.;36.99;n.s.;n.s.;n.s.;n.s.;n.s.;n.s.;.;.;n.s.;n.s.;n.s.;n.s.;.;.;n.s.;n.s.;n.s;n.s.;n.s.;.;n.s.;n.s.;.;n.s;.;n.s.;n.s.;.;n.s.;n.s.;.;.;.;.;n.s.;n.s.;.;.;n.s.;.;.;.;.;n.s.;.;.;.;n.s.;.;.;.;.;n.s.;.;n.s.;.;.;n.s.;.;n.s.;.;.
;Sevilla           ;n.s.;21.67;15;.;.;n.s.;31.58;n.s.;n.s.;n.s.;.;n.s.;n.s.;n.s.;n.s.;n.s.;n.s.;.;n.s.;n.s.;.;.;77.56;.;n.s.;.;n.s.;n.s.;.;36.2;n.s.;n.s;n.s.;n.s.;n.s.;n.s.;.;n.s.;n.s;n.s.;n.s.;.;n.s.;.;.;n.s.;n.s.;n.s.;.;n.s.;.;n.s.;.;.;.;n.s.;n.s.;n.s.;n.s.;.;n.s.;n.s.;n.s.;.;.;.;.;n.s.;n.s.;n.s.;n.s.;.;n.s.;17.92;.;.;.
;Aragón;92.26;72.23;104.24;71.97;106.34;82.65;95.6;81.73;92.34;82.97;87.99;83.58;81.16;95.99;90.17;71.69;81.46;71.97;82.45;64.3;75.3;71.3;97.11;139.76;94.03;90.59;91.11;79.49;95.63;122.23;64.84;66.86;85.19;56.37;63.91;81.32;66.15;47.39;71.42;58.72;63.4;67.89;61.39;53.44;40.14;60.95;50.91;57.52;63.66;86.27;82.11;81.31;36.04;44.33;76.47;72.93;66.66;61.82;52.29;64.57;64.36;51.64;62.53;71.25;71.19;44.36;71.51;56.93;55.36;68.41;63.39;72.94;69.38;68.05;61.46;-9.7;-3
;Huesca            ;165.54;110.17;140.43;77.29;134.79;127.65;141.1;60.46;99.41;92.63;99.76;78.2;95.64;121.65;147.46;75.38;78.03;109.68;83.37;66.08;66.3;75.7;121.52;188.8;59.95;116.14;110.31;103.17;128.57;208.83;62.69;57.8;93.56;58.82;71.68;84.91;60.26;64.13;71.04;68.08;73.7;69.18;72.83;66.85;50.11;67.93;39.77;55.73;71.61;97.44;84.3;78.69;29.09;59.23;84.61;79.28;86.5;60.24;84.44;81.26;73.1;n.s.;73.28;69.78;n.s.;32.4;77.2;79.68;65.67;71.21;83.94;78.54;89.29;86.24;84.61;-1.9;0.8
;Teruel            ;29.78;33.27;32.74;61.8;38.8;42.69;45.12;85.31;73.84;n.s.;82.24;99.64;91.03;88.55;77.35;87.58;87.78;60.34;87.18;72.63;73.6;75.8;54.71;120.62;118.91;58.64;72.43;91.06;86.16;31.85;77.1;37.31;78.2;39.89;40.91;87.61;66.6;42.48;75.86;61.48;n.s.;65.4;51.61;26.83;n.s.;56.82;58.36;57.34;67.18;n.s.;n.s.;n.s.;n.s.;11.36;n.s.;80.59;66.28;44.63;70.84;73.63;54.45;n.s.;32.85;n.s;n.s.;n.s;32.83;43;48.9;66.02;48.44;47.18;59.41;57.7;61.96;7.4;27.9
;Zaragoza          ;31.44;53.87;83.83;64.05;56.23;56.39;72.98;85.29;89.05;70.04;78.49;80.31;73.07;56.63;69.88;54.1;74.63;n.s.;74.17;58.24;86.7;68.9;63.41;71.15;99.11;136.75;67.22;58.79;80.81;70.43;55.01;91.32;74.95;64.41;82.91;n.s.;83.38;33.6;n.s.;16.65;45.35;40.12;39.21;54.81;33.84;52.3;54.16;58.86;n.s.;52.74;n.s.;70.89;49.5;35.51;64.38;50.61;n.s.;66.18;24.03;33.24;29.66;19.86;n.s.;64.88;n.s.;50.19;64.99;33.7;33.49;60.1;38.24;73.06;35.85;36.59;31.14;-14.9;-18.6
;Asturias (Principado de );.;.;.;.;.;.;.;.;.;n.s.;n.s.;n.s.;.;.;.;n.s.;.;.;.;.;.;.;.;.;.;.;46.51;n.s.;77.69;.;n.s.;n.s;.;.;159.45;n.s.;.;.;.;n.s.;.;.;.;39.59;.;.;n.s.;.;n.s.;.;.;.;.;n.s.;.;n.s.;.;.;10.49;.;.;.;.;.;.;.;n.s.;n.s.;.;n.s.;103.48;105.56;68.17;98.15;100.73;2.6;-2.7
;Balears (Illes);59.02;63;34.94;55.24;n.s.;62.45;.;n.s.;n.s.;n.s.;n.s.;n.s.;n.s.;n.s.;n.s.;n.s.;.;n.s.;n.s.;n.s.;.;.;n.s.;n.s.;.;.;.;n.s.;n.s.;n.s.;.;.;.;.;.;.;.;.;n.s;n.s.;n.s.;.;.;.;.;.;n.s.;.;n.s.;n.s.;n.s.;n.s.;.;n.s.;.;.;.;.;n.s.;.;n.s.;.;n.s.;n.s;.;n.s;n.s.;n.s.;.;n.s.;n.s.;.;n.s.;.;n.s.;.;.
;Canarias;.;.;.;.;.;.;.;.;.;.;.;.;.;.;.;.;.;n.s.;.;.;.;.;.;.;.;.;.;.;.;.;.;.;.;.;.;.;.;.;.;n.s.;.;.;.;.;.;.;.;.;.;.;.;.;.;.;.;.;.;.;.;.;.;.;.;.;.;.;.;.;.;.;.;.;.;.;.;.;.
;Palmas (Las)      ;.;.;.;.;.;.;.;.;.;.;.;.;.;.;.;.;.;n.s.;.;.;.;.;.;.;.;.;.;.;.;.;.;.;.;.;.;.;.;.;.;n.s.;.;.;.;.;.;.;.;.;.;.;.;.;.;.;.;.;.;.;.;.;.;.;.;.;.;.;.;.;.;.;.;.;.;.;.;.;.
;Santa Cruz de Tenerife;.;.;.;.;.;.;.;.;.;.;.;.;.;.;.;.;.;.;.;.;.;.;.;.;.;.;.;.;.;.;.;.;.;.;.;.;.;.;.;.;.;.;.;.;.;.;.;.;.;.;.;.;.;.;.;.;.;.;.;.;.;.;.;.;.;.;.;.;.;.;.;.;.;.;.;.;.
;Cantabria;124.54;58.92;70.64;41.27;107.49;47.16;42.43;47.01;58.8;65.57;n.s.;64.18;78.68;63.56;44.6;47.98;62.38;87.02;n.s.;n.s.;55.1;47.9;80.44;103.51;n.s.;33.39;n.s.;n.s.;n.s.;n.s.;n.s.;n.s;.;n.s.;.;n.s.;.;n.s.;n.s;n.s.;n.s.;.;n.s.;.;n.s.;n.s.;n.s.;n.s.;n.s.;n.s.;n.s.;n.s.;n.s.;n.s.;.;n.s.;.;n.s.;n.s.;n.s.;n.s.;.;n.s.;.;n.s.;n.s;n.s.;.;n.s.;93.68;.;n.s;n.s.;.;n.s.;.;.
;Castilla y León;34.22;44.45;42.89;45.33;43.13;42.16;49.45;47.01;48.89;49.81;57.4;55.76;48.71;51.92;47.43;46;70.45;60.76;68.75;56.93;50;54.9;46.32;61.74;48.31;67.66;51.43;49.83;51.3;37.82;45.6;32.14;30.11;38.11;30.15;37.46;34.52;42.96;39.67;30.17;34.61;40.97;31.69;30.72;32.58;33.67;29.35;35.79;31.66;31.96;28.85;27.42;27.96;33.27;41.62;34;33.64;32.7;35.64;36.3;34.63;31.86;37.35;42.5;40.2;44.97;27.43;35.42;30.58;31.86;40.87;42.13;43.58;51.15;50.06;-2.1;22.5
;Avila             ;20.55;22.91;38.01;22.59;34.24;29.03;45.39;26.03;32.71;31.15;43.15;50.04;36.85;56.17;n.s.;48.63;63.62;59.45;71.96;50.5;51.7;62.1;51.23;70;43.83;72.03;60.89;55;54.33;31.17;43.36;51.41;75.49;19.46;42.39;52.05;23.13;71.84;52.02;53.19;16.82;24.66;27.37;39.55;41.91;14.34;51.57;45.83;30.91;18.29;42.9;25.86;26.96;37.06;40.8;49.14;22.11;43.15;55.59;55.17;33.05;25.07;44.58;35.24;54.06;n.s;29.97;34.95;23.26;38.95;27.91;33.06;40.89;60.94;54.28;-10.9;94.5
;Burgos            ;53.53;104.83;51.26;97.65;69.87;73.02;91.12;94.52;80.93;77.95;97.6;71.85;59.78;58.25;64.23;59.25;75.97;58.36;43.2;61.86;50.2;52.9;43.84;61.56;49.16;62.75;57.98;44.16;122.1;28.74;40.92;36.55;32.82;37.43;47.9;28.52;49.28;69.88;55.56;25.29;58.06;34.25;35.72;31.22;25.48;38.71;31.08;41.94;25.99;42;40.74;31.01;33.97;48.1;45.54;61.03;47.26;14.41;37.7;42.27;37.72;43.03;47.43;94.46;29.76;36.53;34.12;40.24;26.58;29.21;43.82;48.06;52.81;47.15;57.3;21.5;30.8
;León              ;39.81;19.42;14.14;29.09;17.66;31.8;28.87;22.06;20.36;25.06;27.74;39.55;34.05;21.32;41.48;22.72;24.87;18.29;21.16;29.93;27.7;28.6;20.68;24.38;38.58;14.29;14.25;10.84;21.95;15.52;19.62;18.89;16.82;20.35;16.16;11.95;15.7;17.06;34.09;17.15;11.34;11.68;17.68;22.5;21.31;9.99;21.09;10.99;19.54;17.33;12.83;18.48;12.89;9.53;11.69;15.41;16.38;29.12;17.17;12.43;23.87;9.57;20.69;15.66;14.93;29.87;29.74;21.77;13.45;34.65;23.69;26.24;24.33;57.51;11.01;-80.9;-53.5
;Palencia          ;42.47;19.66;25.49;33.39;38.13;31.7;22.69;49.92;40.07;40.04;24.5;25.92;24.47;32.11;48.26;40.27;81.49;45.75;55.56;30.12;53.3;25.4;53.79;43.25;30.57;29.3;28.16;41.34;16.38;40.28;27.49;17.28;5.34;20.49;14.47;32.28;27.35;9.87;41.1;11.83;n.s.;n.s.;22.67;25.9;17.85;26.33;20.1;25.01;31.09;23.19;41.56;22.71;22.28;31.91;22.74;36.61;26.54;34.38;37.69;21.75;n.s.;11.01;25.96;24.07;n.s.;41.01;31.26;19.86;25.29;20.94;19.95;30.82;19.51;41.55;37.62;-9.5;88.6
;Salamanca         ;28.68;53.6;79.25;47.62;55.44;65.22;50.36;45.56;54.97;48.96;57.96;79.86;55.22;67.83;49.87;57.99;88.96;92.47;73.57;55.19;89.8;95.5;44.81;117.73;74.36;124.3;87;106.3;80.77;89.01;82.82;42.9;39.26;52.86;41.17;63.29;n.s.;58.64;32.37;39.91;51.14;77.16;34.18;37.58;21.45;33.72;32.26;38.73;45.26;29.41;26.54;28.94;41.41;28.65;41.47;26.5;35.17;28.24;37.06;35.47;26.6;27.41;34.03;32.66;39.53;73.49;31.32;33.52;30.76;28.78;46.1;49.9;58.5;58.79;50.77;-13.6;10.1
;Segovia           ;35.34;33.85;42.77;33.67;33.53;34.97;49.15;36.63;45;50.76;53.2;43.5;49.23;56.69;67.24;56.34;66.07;66.51;93.55;93.35;54.9;57.1;73.19;59.2;46.08;82.97;43.78;44.32;45.48;51.35;46.18;34.06;58.76;68.26;27.83;42.42;51.99;41.96;49.94;39.87;42.07;60.11;45.17;31.1;45.31;55.3;42.88;32.83;32.61;53.62;53.29;37.87;42.36;53.89;76.12;32.11;27.48;77.55;49.92;40.94;34.7;61.37;43.45;53.71;64.39;46.8;37.78;45.62;44.7;34.33;68;53.71;50.59;56.66;78.01;37.7;14.7
;Soria             ;23.79;27.1;49.65;35.69;28.86;52.42;30.5;51.91;45.52;n.s.;n.s.;64.79;60.15;49.2;n.s.;50.94;46.28;44.3;45.26;44.74;54.1;46.6;41.84;45.54;55.71;53.98;62.75;40.39;59.16;60.35;49.87;33.65;n.s.;64.36;26.41;38.37;14.59;n.s.;31.99;n.s.;n.s.;60.13;n.s.;38.65;57.72;40.3;24.76;53.05;45.65;21.11;12.4;35.54;n.s.;n.s.;24.5;34.58;n.s.;n.s.;38.44;n.s.;56.92;n.s.;35.69;29.09;n.s.;.;40.81;45.22;n.s.;45.03;52.57;44.74;52.64;42.51;68.44;61;30.2
;Valladolid        ;55.2;45.83;28.32;34.2;33.83;37.75;25.43;40.12;35.27;n.s.;37.98;40.08;40.12;45.08;38.42;47.7;49.07;55.29;62.28;55.72;52.6;49;67.19;63.21;33.37;25.37;52.75;27.21;18.8;35.26;50.86;30.32;n.s.;33;38.22;15.38;n.s.;33.29;40.76;6.88;28.58;.;44.13;34.03;n.s.;53.98;34.41;23.52;37.92;n.s.;18.52;28.31;34.36;26.62;43.33;38.59;n.s.;32.27;41.42;52.26;35.64;n.s.;37.77;28.36;n.s.;12.89;28.43;41.27;51.36;33.94;26.15;36.15;42.63;73.28;41.18;-43.8;57.5
;Zamora            ;23.1;20.28;26.47;32.36;38.67;34.49;32.54;32.98;48.9;n.s.;34.07;n.s.;38.91;45.35;32.31;35.55;48.15;29.12;35.79;27.34;28;21.7;39.24;34.95;40;14.24;29.55;37.67;30.12;18.36;14.06;22.12;17.5;55.4;20.12;41.59;22.16;31.02;33.23;51.19;28.94;27.39;24.13;17.38;n.s.;25.72;15.57;15.38;n.s.;20.6;16.64;14.97;9.59;21.97;33.33;20.48;47.42;10.3;23.43;27.37;18.24;26.94;16.74;43.39;n.s.;n.s;13.87;32.89;21.96;28.6;31.38;34.11;12.21;19.53;17.21;-11.9;-45.2
;Castilla-La Mancha;36.55;45.2;34.2;40.64;49.7;72.25;58.45;51.73;49.81;59.09;67.02;63.57;74.01;68.67;68.48;78.9;93.7;71.42;77.29;68.21;74.4;82.2;72.13;91.59;92.79;105.93;100.77;101.74;88.17;57.93;42.28;72.79;212.04;64.8;53.12;87.9;37.47;74.6;38.16;45.15;41.04;35.53;43.86;38.05;47.38;53.19;47.72;52.21;44.91;56.11;46.02;38.15;39.93;40.73;51.93;45.28;44.22;29.32;44.63;36.27;37.4;46.4;43.9;47.97;53.63;37.66;44.28;45.45;36.9;41.52;35.34;70.55;58.36;80.01;64.74;-19.1;83.2
;Albacete          ;17.51;37.5;16.05;25.03;27.03;42.49;59.92;31.78;51.44;n.s.;37.63;85.2;39.17;47.31;53.4;39.95;45.72;44.86;51.95;57.06;52.2;54.5;n.s.;51.87;50;56.78;43.93;91.64;23.37;n.s.;22.77;79.6;80.76;n.s.;n.s.;n.s.;15.68;n.s.;n.s;n.s.;n.s.;n.s.;n.s.;32.16;n.s.;.;n.s.;n.s.;n.s.;n.s.;50.14;n.s.;n.s.;.;n.s.;30.25;.;n.s.;n.s.;44.98;n.s.;.;n.s.;n.s;.;n.s;n.s.;n.s.;42.51;32.05;n.s.;n.s;n.s.;51.16;n.s.;.;.
;Ciudad Real       ;29.72;41.62;25.49;24.57;35.35;30.92;21.91;29.19;32.27;39.46;n.s.;54.59;55.04;41.12;52.75;52.19;55.61;n.s.;48.05;83.61;81.5;89.3;95.29;34.73;122.5;74.55;49.79;96.88;36.25;55.73;44.75;71.9;54.64;24.84;46.77;58.75;50.62;54.09;n.s;36.2;n.s.;40.97;38.18;36.2;26.2;n.s.;n.s.;n.s.;n.s.;30.43;25.71;22.93;47.25;52.95;n.s.;n.s.;n.s.;n.s.;n.s.;n.s.;n.s.;22.37;13.63;n.s.;n.s.;31.29;50.73;36.77;30.01;40.32;n.s.;27.46;44.23;54.61;n.s.;.;.
;Cuenca            ;24.36;37.22;23.54;30.6;35.4;37.18;33.59;36.63;27.08;33.41;36.45;46.38;54.16;48.72;46.7;33.86;53.58;67.57;53.75;57.18;50;47.8;43.49;51.93;43.01;65.06;36.29;50.53;48.75;24.87;34.18;55.81;26.2;70.09;37.46;57.38;25.06;26.23;49.91;50.13;39.66;31.12;32.91;50.58;54.08;41.42;46.94;51.51;33.86;42.1;51.52;35.83;25.33;22.79;36.67;47.33;37.53;60.78;43.28;43.75;38.01;57.13;37.07;48.06;n.s.;28.72;28.67;49.87;52.46;37.92;47.62;67.05;87.19;82.66;67.54;-18.3;41.8
;Guadalajara       ;42.75;71.7;39.32;47;59.87;84.07;68.3;83.84;67.88;56.03;69.98;57.08;54.61;58.62;61.99;77.58;87.56;44.6;74.34;74.67;79;86.9;71.92;124.83;120.93;108.23;137.05;124.08;140.18;41.58;52.71;79.17;405.43;67.83;61.18;127.99;97.97;103.75;58.59;45.39;45.99;29.48;53.18;31.25;44.58;26.25;50.17;40.66;29.73;73.26;33.89;46.33;47.69;41.86;24.04;47.27;62.18;29.94;52.36;33.14;37.85;59.66;60.53;50.51;65.76;62.32;53.79;48.76;42.46;45.53;36.56;76.92;46.59;81.15;50.77;-37.4;38.9
;Toledo            ;36.69;29.87;43.17;32.7;41.96;41.01;47.72;29.86;38.09;75.63;75.51;98.27;92.79;98.72;92.57;116.05;112.34;97.87;81.67;91.37;77.5;82.3;79.49;115;106.05;147.44;98.11;128.7;99.05;80.33;57.32;88.56;41.8;n.s.;73.53;59.45;n.s.;67.5;26.02;n.s.;26.7;45.77;44.82;37.99;70.74;96.98;43.52;59.96;n.s.;66.89;55.32;41.08;40.03;68.36;88.33;50.41;40.92;21.86;35.46;39.63;32.81;34.32;39.03;47.32;n.s.;31.77;43.68;42.04;32.42;41.77;29.82;68.92;71.92;89.8;99.63;10.9;234.1
;Cataluña;70.36;77.08;74.56;93.82;89.49;102.69;111.34;125.37;107.21;103.18;119.78;128.04;102.51;131.14;112.89;127.31;93.29;94.41;101.87;100.44;103.2;96.6;100.76;130.91;102.84;109.2;117.29;133.18;68.12;121.83;90.41;95.9;89.25;205.98;120.57;109.01;80.75;67.29;89.75;99.07;82.24;68.53;99.24;76.64;61.91;83.25;73.94;66.78;92.13;82.57;80.28;82.56;104.16;104.47;92.52;93.07;91.38;93.83;72.67;99.17;79.87;104.82;98.87;97.46;102.2;49.98;68.74;102.54;90.01;110.83;96.72;112.12;134.54;104.28;114.88;10.2;18.8
;Barcelona;61.17;83.16;76.11;77.7;95.79;92.98;101.93;110.02;107.25;95.78;105.13;129.45;94.96;107.37;107.08;147.86;95.16;86.61;122.62;134.32;111.9;109.5;100.33;87.27;58.01;72.58;96.43;102.4;59.02;127.31;n.s.;n.s;88.83;119.29;120.98;44.5;n.s.;50.03;76.49;61.13;31.72;50.48;99.26;n.s.;47.01;37.14;54.46;43.32;54.94;71.87;37.98;69.77;85.67;76.06;91.44;81.93;85.5;84.41;61.25;88.1;48.91;63.57;60.35;90.38;n.s.;87.48;63.95;88.73;63.38;79.82;63.58;58.36;156.98;76.59;120.55;57.4;89.6
;Girona;111.13;119.04;104.05;124.53;127.82;124.74;163.25;170.85;144.62;148.11;159.71;163.18;126.22;162.07;134.87;133.52;122.62;116.29;125.19;124.31;141.9;112.9;139.02;152.47;146.46;151.79;163.86;173.38;91.57;139.29;124.52;143.67;91.55;263.71;121.17;166.49;119.77;106.49;104.15;136.45;144.34;81.5;98.31;88.36;87.78;126.38;109.1;98.77;116.44;108.68;89.2;83.66;130.96;120.61;111.54;128.16;120.63;124.97;103.22;126.32;114.91;150.28;153.23;124.93;118.62;69.29;91.07;121.38;127.4;151.53;159.49;155.32;166.13;140.26;160.68;14.6;0.7
;Lleida;73.87;74.85;73.4;121.93;64.71;132.04;91.89;117.2;107.84;96.79;110.16;119.58;103.68;142.42;n.s.;101.34;76.72;85.27;86.11;68.56;89.8;77.4;92.87;183.25;100.16;107.33;79.18;116.15;61.92;83.67;63.43;81.68;100.57;105.99;53.02;43.63;95.47;84.46;95.47;61.16;93.84;90.72;105.04;41.24;37.32;51.84;68.8;40.8;119.83;54.83;76.56;103.47;79.3;90.29;61.98;59.36;36.52;65.35;37.18;60.32;65.91;79.88;79.72;71.97;86.21;29.72;49.73;62.56;53.79;67.83;74.23;103.19;92.63;107.6;50.81;-52.8;-31.6
;Tarragona;34.52;29.57;46.62;59.65;44.71;61.21;69.83;58;39.2;47.17;71.06;74.52;85.73;98.28;73.61;76.37;61.22;51.62;49.25;65.62;61.2;63.5;56.77;64.31;58.46;134.55;62.17;64.17;39.75;79.16;n.s.;n.s;n.s.;n.s.;n.s.;50.8;63.28;41.41;n.s;86.7;n.s.;92.41;n.s.;106.08;n.s.;36.85;n.s.;n.s.;n.s.;n.s.;87.73;n.s.;47.33;n.s.;n.s.;n.s.;n.s.;79.73;46.72;71.9;47.68;n.s.;62.68;48.77;.;23.95;33.45;54.23;63.59;75.35;63.57;73.49;44.5;50.15;56.77;13.2;-10.7
;Comunitat Valenciana;75.8;77.01;82.54;79.76;102.22;91.32;139.68;118.86;151.91;139.67;132.98;132.75;125.43;151.93;119.79;114.11;95.21;110.1;125.69;89.57;126.4;125.5;88.51;114.91;101.91;101.16;74.68;72.44;114.55;58.42;69.39;101.32;82.05;82.55;75.68;62.17;50.38;58.17;85.35;n.s.;69.6;n.s.;79.66;94.1;97.81;44.15;41.26;74.53;73.07;78.08;66.98;64.48;62.57;34.64;26.5;47.16;78.67;50.72;44.24;47.84;42.68;87.03;68.38;87.22;77.39;57.71;50.74;67.57;79.58;60.09;97.62;76.63;52.91;61.89;59.76;-3.4;-38.8
;Alicante/Alacant;75.3;41.65;107.51;62.25;95.58;60.85;54.65;69;n.s.;n.s.;n.s.;n.s.;n.s.;n.s.;n.s.;93;109.51;156.75;100.77;73.84;142.2;111.5;77.33;.;114.64;131.34;n.s.;n.s.;n.s.;n.s.;n.s.;n.s;n.s.;n.s.;n.s.;n.s.;.;n.s.;.;.;n.s.;.;n.s.;n.s.;n.s.;n.s.;n.s.;.;n.s.;.;n.s.;n.s.;n.s.;32.97;n.s.;.;n.s.;n.s.;n.s.;46.81;.;n.s.;n.s.;n.s;n.s.;.;n.s.;n.s.;n.s.;n.s.;92.66;n.s;n.s.;75.11;n.s.;.;.
;Castellón/Castelló;61.07;64.57;70.65;68.57;98.34;109.87;148.13;90.89;87.4;100.37;110.66;94.27;70.97;127.49;116.39;95.42;106.54;n.s.;127.46;129.94;138.3;157.2;133.14;133.08;87.85;105.59;n.s.;61.43;81.35;31.11;73.53;n.s;n.s.;n.s.;97.52;n.s.;n.s.;n.s.;n.s;n.s.;n.s.;n.s.;132.46;n.s.;n.s.;n.s.;n.s.;n.s.;n.s.;85.45;n.s.;n.s.;n.s.;60.26;.;n.s.;n.s.;n.s.;46.8;n.s.;.;n.s.;n.s.;n.s;n.s.;n.s;n.s.;45.25;76.26;89.41;n.s.;n.s;.;92.88;105.25;13.3;.
;Valencia/València;81.56;112.48;70.99;92.92;103.43;87.91;148.75;184.38;190.77;177.6;151.55;136.2;97.87;173.52;127.89;126.61;78.64;61.57;128.43;70.98;120.7;98;31;102.43;102.15;94.61;75.1;95.37;76.05;n.s.;81.94;34.22;88.52;n.s.;n.s.;72.56;n.s.;50.03;86.15;n.s.;55.14;n.s.;82.78;n.s.;78;21.44;n.s.;73.53;n.s.;n.s.;104.51;50.78;n.s.;20.96;17.43;35.92;85.75;40.71;40.91;50.15;42.68;n.s.;67.03;67.82;82.61;52.47;51.9;70.94;67.95;29.5;103.83;79.69;35.07;50.09;32.09;-35.9;-69.1
;Extremadura;28.5;23.66;36.8;40.38;43.04;25.83;37.32;43.91;45.15;40.03;45.22;40.91;56.71;33.76;55.08;44.92;65.28;34.44;35.29;44.19;59.6;55.9;47.23;51.69;53.27;45.63;44.5;39.34;58.53;55.3;46.11;44.11;37.13;50.54;46.02;66.22;51.38;46.58;45.36;47.72;63.3;52.02;48.7;57.25;41.56;46.35;31.16;49.46;25.77;34.23;29.6;46.42;61.26;42.89;34.09;58.24;48.51;44.91;53.03;40.62;44.92;55.03;47.73;57.61;n.s.;48.51;56.99;45.32;54.64;56.69;45.99;42.06;43.58;48.39;66.91;38.3;45.5
;Badajoz           ;16.41;15.77;20.05;21.27;41.58;30.5;18.1;23.46;35.04;30.36;28.84;37.44;45.09;31.23;59.7;61.23;55.43;49.55;n.s.;42.44;59.4;53.2;50.25;38.62;70.21;10.53;45.1;38.37;72.44;26.94;n.s.;50.41;53.22;62.91;n.s.;60.48;45.36;69.22;35.03;69.17;74.46;48.82;66.78;n.s.;59.18;n.s.;30.31;n.s.;n.s.;31.89;35.67;n.s.;54.28;n.s.;n.s.;n.s.;n.s.;45.9;60.44;62.36;33.29;n.s.;67.63;71.01;.;.;57.1;64.32;47.47;47.38;19.66;32.07;41.48;50.97;n.s.;.;.
;Cáceres           ;32.39;24.19;44.43;49.4;43.7;24.63;42.47;51.71;52.3;41.77;48.82;41.78;63.46;34.78;54.53;36.82;67.63;31.14;36.02;44.61;59.7;56.2;45.66;56.96;48.64;57.48;44.66;39.61;52.24;77.4;46.19;40.38;31.54;46.49;42.06;68.44;53.16;34.7;51.95;35.71;59.32;58.49;39.89;56.69;33.33;55.89;32;52.16;22.13;46.94;26.04;52.74;67.36;40.38;36.18;61.33;40.34;43.9;46.26;32.74;50.28;35.01;23.34;50.01;n.s.;48.51;58.49;41.23;57.92;66.1;65.79;45.53;43.92;48.64;65.73;35.1;-0.1
;Galicia;.;.;.;.;.;.;.;.;.;.;.;.;.;.;.;.;.;.;.;.;.;.;.;.;.;n.s.;.;.;.;.;n.s.;135.14;.;.;.;.;n.s.;.;.;.;.;.;n.s.;.;.;n.s.;.;.;.;.;.;.;24.96;.;.;.;.;.;.;.;n.s.;.;31.85;.;n.s.;.;104.94;n.s.;.;.;n.s.;.;n.s.;.;.;.;.
;Coruña (A);.;.;.;.;.;.;.;.;.;.;.;.;.;.;.;.;.;.;.;.;.;.;.;.;.;.;.;.;.;.;.;.;.;.;.;.;.;.;.;.;.;.;.;.;.;.;.;.;.;.;.;.;.;.;.;.;.;.;.;.;.;.;.;.;.;.;.;.;.;.;.;.;.;.;.;.;.
;Lugo;.;.;.;.;.;.;.;.;.;.;.;.;.;.;.;.;.;.;.;.;.;.;.;.;.;.;.;.;.;.;.;.;.;.;.;.;.;.;.;.;.;.;n.s.;.;.;n.s.;.;.;.;.;.;.;.;.;.;.;.;.;.;.;n.s.;.;.;.;.;.;.;.;.;.;.;.;.;.;.;.;.
;Ourense;.;.;.;.;.;.;.;.;.;.;.;.;.;.;.;.;.;.;.;.;.;.;.;.;.;n.s.;.;.;.;.;n.s.;n.s;.;.;.;.;n.s.;.;.;.;.;.;.;.;.;.;.;.;.;.;.;.;n.s.;.;.;.;.;.;.;.;.;.;n.s.;.;n.s.;.;n.s.;n.s.;.;.;n.s.;.;n.s.;.;.;.;.
;Pontevedra;.;.;.;.;.;.;.;.;.;.;.;.;.;.;.;.;.;.;.;.;.;.;.;.;.;.;.;.;.;.;.;.;.;.;.;.;.;.;.;.;.;.;.;.;.;.;.;.;.;.;.;.;.;.;.;.;.;.;.;.;.;.;.;.;.;.;.;.;.;.;.;.;.;.;.;.;.
;Madrid (Comunidad de);79.17;125.97;76.8;100.49;76.71;151.5;120.73;78.52;106.94;93.18;130.21;109.57;106.36;106.87;82.89;138.24;114.47;70.52;107.12;90.48;n.s.;148.1;90.35;72.84;176.32;194.88;172.66;235.55;94.3;n.s.;156.73;n.s;92.2;105.49;n.s.;n.s.;n.s.;n.s.;n.s;n.s.;n.s.;n.s.;79.24;69.94;117.12;60;29.3;n.s.;n.s.;n.s.;99.54;108.45;103.07;n.s.;n.s.;n.s.;52.62;90.61;n.s.;n.s.;75.24;n.s.;60.25;57.67;n.s.;n.s;79.39;111.7;64.28;91.35;115.9;105.05;105.81;176.11;98.05;-44.3;-15.4
;Murcia (Región de);.;.;.;n.s.;.;.;.;.;.;.;.;n.s.;.;.;n.s.;n.s.;n.s.;.;.;.;n.s.;.;.;.;.;n.s.;.;.;.;.;.;.;.;.;.;.;.;.;.;.;.;.;.;.;.;.;.;.;.;.;.;.;.;.;.;.;.;.;n.s.;.;.;.;.;.;.;.;.;.;.;.;.;.;.;.;.;.;.
;Navarra (Comunidad Foral de);57.06;84.91;129.49;84.81;59.01;83.69;115.26;92.66;68.02;72.18;81.2;96.51;81.42;94.1;98.66;76.73;93.2;n.s.;67.14;60.56;96.7;102.6;168.2;76.08;111.28;64.59;65.83;101.9;94.91;87.1;116.3;76.91;73.76;64;59.16;34.1;88.16;35.82;64.87;51.4;27.58;89.36;86.16;51.4;23.47;69.09;92.22;64.64;66.22;49.76;50.25;55.15;17.06;65.76;61.94;40.83;69.18;72.73;83.85;69.5;44.03;57.4;57.17;89.51;n.s.;66.28;56.42;93.37;92.51;77.53;99.76;87.78;92.11;84.06;98.98;17.7;-0.8
;País Vasco;79.02;174.36;102.86;88.43;72.75;57.8;108.12;108.54;80.8;90.02;105.58;104.71;116.08;103.6;119.51;122.28;133.01;128.03;163.09;122.05;99.5;121.5;110.53;46.84;114.15;74.26;117.83;42.4;n.s.;122.17;n.s.;120.53;47.59;107.08;n.s.;.;n.s.;115.88;n.s;n.s.;n.s.;n.s.;114.21;n.s.;101.83;90.28;n.s.;42.55;110.57;179.14;n.s.;n.s.;180.24;n.s.;76.65;105.04;85.06;66.81;n.s.;100.49;77.76;n.s.;30.33;n.s;n.s.;n.s;65.59;99.71;103.09;92.57;196.58;182.26;123.46;125.69;143.85;14.4;-26.8
;Álava;70;69;45.3;51.49;59.74;53.76;79.66;66.24;n.s.;75.59;64.97;77.07;101.08;66.77;77.98;n.s.;91.11;73.31;n.s.;n.s.;n.s.;44.3;72;47.4;138.27;80.65;n.s.;50.98;n.s.;122.17;n.s.;n.s;n.s.;137.2;n.s.;.;n.s.;n.s.;n.s;n.s.;n.s.;n.s.;n.s.;.;71.65;n.s.;n.s.;32.71;n.s.;.;n.s.;n.s.;n.s.;.;n.s.;n.s.;n.s.;72.34;n.s.;n.s.;49.65;n.s.;n.s.;n.s;n.s.;n.s;65.59;59.8;90.79;102.21;98.34;71.92;n.s.;142.47;n.s.;.;.
;Guipúzcoa;.;55.65;n.s.;73.21;n.s.;70.23;60.96;n.s.;n.s.;n.s.;n.s.;n.s.;n.s.;n.s.;.;197.25;.;.;167.66;n.s.;134.3;.;n.s.;.;n.s.;.;.;.;.;.;.;.;.;n.s.;n.s.;.;.;n.s.;n.s;.;.;.;n.s.;n.s.;.;n.s.;.;n.s.;n.s.;n.s.;.;.;n.s.;.;n.s.;n.s.;.;.;.;n.s.;n.s.;n.s.;n.s.;n.s;.;.;.;.;.;n.s.;n.s.;n.s;n.s.;124.92;.;.;.
;Vizcaya;87.98;n.s.;197.54;129.1;97.56;59.39;149.85;110.82;n.s.;99.02;146.49;126.13;158.95;171.54;146.39;143.52;180.05;174.1;148.43;133.85;n.s.;163.8;159.93;n.s.;n.s.;n.s.;n.s.;n.s.;.;.;.;n.s;n.s.;n.s.;.;.;.;n.s.;n.s;.;.;.;n.s.;n.s.;n.s.;.;.;n.s.;.;n.s.;.;.;n.s.;n.s.;.;n.s.;n.s.;n.s.;n.s.;n.s.;.;.;n.s.;.;.;.;.;n.s.;n.s.;n.s.;.;n.s;108.15;51.36;n.s.;.;.
;Rioja (La);56.01;77.32;158.06;100.58;n.s.;145.58;n.s.;141.34;141.84;147.11;153.6;149.19;143.48;79.97;89.58;152.88;184.06;131.17;112.12;120.66;129.9;130.3;58.19;201.14;105.81;148.69;107.15;152.17;56.04;111.03;83.69;63.57;40.15;146.82;130.27;64.97;66.74;80.36;79.87;75.01;48.16;77.09;63.12;54;51.05;56.58;60.72;82.31;52.26;60.77;43.17;76.82;61.35;85.38;63.43;51.61;77.29;92.41;99.19;92.04;87.98;74.68;70.05;78.42;n.s.;n.s;55.45;60.54;48.42;95.91;68.82;50.73;127.48;96.7;89.26;-7.7;29.7
;Ceuta y Melilla;.;.;.;.;.;.;.;.;.;;.;.;.;.;.;.;.;.;.;.;.;.;.;.;.;.;.;.;.;.;.;.;.;.;.;.;.;.;.;.;.;.;.;.;.;;.;.;.;.;.;.;.;.;.;.;;.;.;.;;.;.;.;.;.;;.;.;.;.;.;.;.;.;.;.
;;;;;;;;;;;;;;;;;;;;;;;;;;;;;;;;;;;;;;;;;;;.;;;;;;;.;;;;.;;;;;;;;;;;;;;;;;;;;;;;;
;;;;;;;;;;;;;;;;;;;;;;;;;;;;;;;;;;;;;;;;;;;;;;;;;;.;;;;;;;;;;;;;;;;;;;;;;;;;;;;
;;;;;;;;;;;;;;;;;;;;;;;;;;;;;;;;;;;;;;;;;;;;;;;;;;;;;;;;;;;;;;;;;;;;;;;;;;;;;;
;;;;;;;;;;;;;;;;;;;;;;;;;;;;;;;;;;;;;;;;;;;;;;;;;;;;;;;;;;;;;;;;;;;;;;;;;;;;;;
;;;;;;;;;;;;;;;;;;;;;;;;;;;;;;;;;;;;;;;;;;;;;;;;;;;;;;;;;;;;;;;;;;;;;;;;;;;;;;
;;;;;;;;;;;;;;;;;;;;;;;;;;;;;;;;;;;;;;;;;;;;;;;;;;;;;;;;;;;;;;;;;;;;;;;;;;;;;;
;;;;;;;;;;;;;;;;;;;;;;;;;;;;;;;;;;;;;;;;;;;;;;;;;;;;;;;;;;;;;;;;;;;;;;;;;;;;;;
;;;;; ;;;;;;;;;;;;;;;;;;;;;;;;;;;;;;;;;;;;;;;;;;;;;;;;;;;;;;;;;;;;;;;;;;;;;;;;;
